sample_full,sample_id,genus,genus_count,genus_prop_of_symbiodiniaceae_total,symbiodiniaceae_total,eukaryota_total,bacteria_toal,total_read_count,site
M1-1.k2_mpa_report,M1,Symbiodinium,54780,0.069758024464972,785286,103426478,470232,103896710,Falalop
M1-1.k2_mpa_report,M1,Breviolum,21496,0.027373466482275247,785286,103426478,470232,103896710,Falalop
M1-1.k2_mpa_report,M1,Cladocopium,491086,0.6253594231910412,785286,103426478,470232,103896710,Falalop
M1-1.k2_mpa_report,M1,Durusdinium,59607,0.07590482957801362,785286,103426478,470232,103896710,Falalop
M1-1.k2_mpa_report,M1,Effrenium,22877,0.02913206144003586,785286,103426478,470232,103896710,Falalop
M1-1.k2_mpa_report,M1,Fugacium,115777,0.14743290979337464,785286,103426478,470232,103896710,Falalop
M10-1.k2_mpa_report,M10,Symbiodinium,92676,0.04417124579442326,2098107,107399996,145690,107545686,Falalop
M10-1.k2_mpa_report,M10,Breviolum,40526,0.01931550678778537,2098107,107399996,145690,107545686,Falalop
M10-1.k2_mpa_report,M10,Cladocopium,1675271,0.7984678569777424,2098107,107399996,145690,107545686,Falalop
M10-1.k2_mpa_report,M10,Durusdinium,63606,0.030315899046140165,2098107,107399996,145690,107545686,Falalop
M10-1.k2_mpa_report,M10,Effrenium,33563,0.01599680092578691,2098107,107399996,145690,107545686,Falalop
M10-1.k2_mpa_report,M10,Fugacium,146809,0.06997212248946312,2098107,107399996,145690,107545686,Falalop
M100-1.k2_mpa_report,M100,Symbiodinium,47304,0.04236709009276086,1116527,84116036,118415,84234451,Sohng
M100-1.k2_mpa_report,M100,Breviolum,23081,0.02067213779872766,1116527,84116036,118415,84234451,Sohng
M100-1.k2_mpa_report,M100,Cladocopium,870914,0.780020545853347,1116527,84116036,118415,84234451,Sohng
M100-1.k2_mpa_report,M100,Durusdinium,40771,0.03651591049746222,1116527,84116036,118415,84234451,Sohng
M100-1.k2_mpa_report,M100,Effrenium,19854,0.017781925560241715,1116527,84116036,118415,84234451,Sohng
M100-1.k2_mpa_report,M100,Fugacium,90374,0.08094206409697213,1116527,84116036,118415,84234451,Sohng
M101-1.k2_mpa_report,M101,Symbiodinium,43929,0.0520313782529235,844279,95693645,75721,95769366,Yealeil
M101-1.k2_mpa_report,M101,Breviolum,16220,0.019211658705238433,844279,95693645,75721,95769366,Yealeil
M101-1.k2_mpa_report,M101,Cladocopium,652829,0.7732384673786746,844279,95693645,75721,95769366,Yealeil
M101-1.k2_mpa_report,M101,Durusdinium,29198,0.03458335455459629,844279,95693645,75721,95769366,Yealeil
M101-1.k2_mpa_report,M101,Effrenium,16008,0.018960556877525084,844279,95693645,75721,95769366,Yealeil
M101-1.k2_mpa_report,M101,Fugacium,67908,0.08043312696395385,844279,95693645,75721,95769366,Yealeil
M102-1.k2_mpa_report,M102,Symbiodinium,48948,0.051868178446540215,943700,88493318,91426,88584744,Yealeil
M102-1.k2_mpa_report,M102,Breviolum,18097,0.01917664512027127,943700,88493318,91426,88584744,Yealeil
M102-1.k2_mpa_report,M102,Cladocopium,747068,0.7916371728303486,943700,88493318,91426,88584744,Yealeil
M102-1.k2_mpa_report,M102,Durusdinium,29653,0.031422062096005086,943700,88493318,91426,88584744,Yealeil
M102-1.k2_mpa_report,M102,Effrenium,12648,0.013402564374271484,943700,88493318,91426,88584744,Yealeil
M102-1.k2_mpa_report,M102,Fugacium,66797,0.0707820281869238,943700,88493318,91426,88584744,Yealeil
M103-1.k2_mpa_report,M103,Symbiodinium,73620,0.04471161554569792,1646552,96152267,97934,96250201,Yealeil
M103-1.k2_mpa_report,M103,Breviolum,28889,0.01754514889295935,1646552,96152267,97934,96250201,Yealeil
M103-1.k2_mpa_report,M103,Cladocopium,1355344,0.8231407207303505,1646552,96152267,97934,96250201,Yealeil
M103-1.k2_mpa_report,M103,Durusdinium,39569,0.024031430528765566,1646552,96152267,97934,96250201,Yealeil
M103-1.k2_mpa_report,M103,Effrenium,20523,0.012464228278244477,1646552,96152267,97934,96250201,Yealeil
M103-1.k2_mpa_report,M103,Fugacium,93169,0.05658430465603273,1646552,96152267,97934,96250201,Yealeil
M104-1.k2_mpa_report,M104,Symbiodinium,81530,0.04868014879299742,1674810,90803281,159226,90962507,Yealeil
M104-1.k2_mpa_report,M104,Breviolum,32194,0.019222478967763506,1674810,90803281,159226,90962507,Yealeil
M104-1.k2_mpa_report,M104,Cladocopium,1361797,0.8131053671759781,1674810,90803281,159226,90962507,Yealeil
M104-1.k2_mpa_report,M104,Durusdinium,43776,0.02613789026814982,1674810,90803281,159226,90962507,Yealeil
M104-1.k2_mpa_report,M104,Effrenium,17929,0.010705094906287878,1674810,90803281,159226,90962507,Yealeil
M104-1.k2_mpa_report,M104,Fugacium,102658,0.06129531110991695,1674810,90803281,159226,90962507,Yealeil
M105-1.k2_mpa_report,M105,Symbiodinium,50553,0.05812105938458567,869788,86951467,73937,87025404,Yealeil
M105-1.k2_mpa_report,M105,Breviolum,17065,0.01961972342685804,869788,86951467,73937,87025404,Yealeil
M105-1.k2_mpa_report,M105,Cladocopium,681375,0.7833805479036271,869788,86951467,73937,87025404,Yealeil
M105-1.k2_mpa_report,M105,Durusdinium,28370,0.03261714348783842,869788,86951467,73937,87025404,Yealeil
M105-1.k2_mpa_report,M105,Effrenium,11596,0.013331984345610655,869788,86951467,73937,87025404,Yealeil
M105-1.k2_mpa_report,M105,Fugacium,62135,0.07143694785395982,869788,86951467,73937,87025404,Yealeil
M106-1.k2_mpa_report,M106,Symbiodinium,78832,0.04360912653959877,1807695,97974926,144124,98119050,Yealeil
M106-1.k2_mpa_report,M106,Breviolum,33709,0.018647504142015107,1807695,97974926,144124,98119050,Yealeil
M106-1.k2_mpa_report,M106,Cladocopium,1493041,0.8259363443501254,1807695,97974926,144124,98119050,Yealeil
M106-1.k2_mpa_report,M106,Durusdinium,43133,0.02386077297331685,1807695,97974926,144124,98119050,Yealeil
M106-1.k2_mpa_report,M106,Effrenium,19979,0.011052196305239546,1807695,97974926,144124,98119050,Yealeil
M106-1.k2_mpa_report,M106,Fugacium,102003,0.056427107448988906,1807695,97974926,144124,98119050,Yealeil
M107-1.k2_mpa_report,M107,Symbiodinium,57911,0.04388214237542946,1319694,93364362,91572,93455934,Yealeil
M107-1.k2_mpa_report,M107,Breviolum,24193,0.01833228005886213,1319694,93364362,91572,93455934,Yealeil
M107-1.k2_mpa_report,M107,Cladocopium,1069042,0.8100680915424333,1319694,93364362,91572,93455934,Yealeil
M107-1.k2_mpa_report,M107,Durusdinium,36036,0.02730633010379679,1319694,93364362,91572,93455934,Yealeil
M107-1.k2_mpa_report,M107,Effrenium,18784,0.014233602638187338,1319694,93364362,91572,93455934,Yealeil
M107-1.k2_mpa_report,M107,Fugacium,85331,0.06465968626060284,1319694,93364362,91572,93455934,Yealeil
M108-1.k2_mpa_report,M108,Symbiodinium,72575,0.04334590359560467,1674322,84859233,115975,84975208,Yealeil
M108-1.k2_mpa_report,M108,Breviolum,34349,0.02051516972243093,1674322,84859233,115975,84975208,Yealeil
M108-1.k2_mpa_report,M108,Cladocopium,1299027,0.7758525540487433,1674322,84859233,115975,84975208,Yealeil
M108-1.k2_mpa_report,M108,Durusdinium,60973,0.03641653158711407,1674322,84859233,115975,84975208,Yealeil
M108-1.k2_mpa_report,M108,Effrenium,32203,0.019233456885831998,1674322,84859233,115975,84975208,Yealeil
M108-1.k2_mpa_report,M108,Fugacium,138695,0.08283651531784209,1674322,84859233,115975,84975208,Yealeil
M109-1.k2_mpa_report,M109,Symbiodinium,70144,0.04400899453902987,1593856,92790483,122322,92912805,Yealeil
M109-1.k2_mpa_report,M109,Breviolum,29474,0.018492260279473177,1593856,92790483,122322,92912805,Yealeil
M109-1.k2_mpa_report,M109,Cladocopium,1286648,0.8072548586572438,1593856,92790483,122322,92912805,Yealeil
M109-1.k2_mpa_report,M109,Durusdinium,44508,0.027924730966912947,1593856,92790483,122322,92912805,Yealeil
M109-1.k2_mpa_report,M109,Effrenium,23377,0.014666946072920012,1593856,92790483,122322,92912805,Yealeil
M109-1.k2_mpa_report,M109,Fugacium,105220,0.06601600144555092,1593856,92790483,122322,92912805,Yealeil
M11-1.k2_mpa_report,M11,Symbiodinium,191184,0.044645980521327476,4282222,111032715,734587,111767302,Asor
M11-1.k2_mpa_report,M11,Breviolum,93427,0.02181741161481119,4282222,111032715,734587,111767302,Asor
M11-1.k2_mpa_report,M11,Cladocopium,3181647,0.7429897375708219,4282222,111032715,734587,111767302,Asor
M11-1.k2_mpa_report,M11,Durusdinium,192529,0.04496006979554073,4282222,111032715,734587,111767302,Asor
M11-1.k2_mpa_report,M11,Effrenium,105829,0.024713571599043672,4282222,111032715,734587,111767302,Asor
M11-1.k2_mpa_report,M11,Fugacium,425504,0.0993652360853781,4282222,111032715,734587,111767302,Asor
M110-1.k2_mpa_report,M110,Symbiodinium,66754,0.04474875498658958,1491751,93607971,107519,93715490,Yealeil
M110-1.k2_mpa_report,M110,Breviolum,27473,0.018416612423923295,1491751,93607971,107519,93715490,Yealeil
M110-1.k2_mpa_report,M110,Cladocopium,1226304,0.8220567641650651,1491751,93607971,107519,93715490,Yealeil
M110-1.k2_mpa_report,M110,Durusdinium,35667,0.02390948623463299,1491751,93607971,107519,93715490,Yealeil
M110-1.k2_mpa_report,M110,Effrenium,16958,0.011367848923848551,1491751,93607971,107519,93715490,Yealeil
M110-1.k2_mpa_report,M110,Fugacium,88658,0.059432170650463786,1491751,93607971,107519,93715490,Yealeil
M12-1.k2_mpa_report,M12,Symbiodinium,46498,0.046494466420552036,1000076,89248026,78287,89326313,Asor
M12-1.k2_mpa_report,M12,Breviolum,19495,0.019493518492594564,1000076,89248026,78287,89326313,Asor
M12-1.k2_mpa_report,M12,Cladocopium,796185,0.796124494538415,1000076,89248026,78287,89326313,Asor
M12-1.k2_mpa_report,M12,Durusdinium,30340,0.030337694335230522,1000076,89248026,78287,89326313,Asor
M12-1.k2_mpa_report,M12,Effrenium,13982,0.013980937448753894,1000076,89248026,78287,89326313,Asor
M12-1.k2_mpa_report,M12,Fugacium,72823,0.07281746587259369,1000076,89248026,78287,89326313,Asor
M13-1.k2_mpa_report,M13,Symbiodinium,83837,0.04220774970875409,1986294,90037359,150566,90187925,Asor
M13-1.k2_mpa_report,M13,Breviolum,35981,0.018114639625352542,1986294,90037359,150566,90187925,Asor
M13-1.k2_mpa_report,M13,Cladocopium,1629555,0.820399699138194,1986294,90037359,150566,90187925,Asor
M13-1.k2_mpa_report,M13,Durusdinium,49968,0.025156396787182563,1986294,90037359,150566,90187925,Asor
M13-1.k2_mpa_report,M13,Effrenium,25969,0.013074096785269452,1986294,90037359,150566,90187925,Asor
M13-1.k2_mpa_report,M13,Fugacium,118767,0.0597932632329353,1986294,90037359,150566,90187925,Asor
M14-1.k2_mpa_report,M14,Symbiodinium,42830,0.05182851935976108,826379,107028816,1049886,108078702,Asor
M14-1.k2_mpa_report,M14,Breviolum,16368,0.019806892479116725,826379,107028816,1049886,108078702,Asor
M14-1.k2_mpa_report,M14,Cladocopium,649854,0.7863873597949609,826379,107028816,1049886,108078702,Asor
M14-1.k2_mpa_report,M14,Durusdinium,25061,0.030326278862362183,826379,107028816,1049886,108078702,Asor
M14-1.k2_mpa_report,M14,Effrenium,14396,0.017420578209272015,826379,107028816,1049886,108078702,Asor
M14-1.k2_mpa_report,M14,Fugacium,59165,0.07159547858791185,826379,107028816,1049886,108078702,Asor
M15-1.k2_mpa_report,M15,Symbiodinium,76871,0.05022419942543793,1530557,98490285,95407,98585692,Asor
M15-1.k2_mpa_report,M15,Breviolum,26864,0.017551780168918896,1530557,98490285,95407,98585692,Asor
M15-1.k2_mpa_report,M15,Cladocopium,1240970,0.8107963310089072,1530557,98490285,95407,98585692,Asor
M15-1.k2_mpa_report,M15,Durusdinium,40816,0.02666741584926272,1530557,98490285,95407,98585692,Asor
M15-1.k2_mpa_report,M15,Effrenium,18616,0.012162892332660593,1530557,98490285,95407,98585692,Asor
M15-1.k2_mpa_report,M15,Fugacium,94765,0.061915368065351375,1530557,98490285,95407,98585692,Asor
M16-1.k2_mpa_report,M16,Symbiodinium,78800,0.04860357248593704,1621280,108368120,169613,108537733,Asor
M16-1.k2_mpa_report,M16,Breviolum,32054,0.01977079838152571,1621280,108368120,169613,108537733,Asor
M16-1.k2_mpa_report,M16,Cladocopium,1276420,0.7872915227474588,1621280,108368120,169613,108537733,Asor
M16-1.k2_mpa_report,M16,Durusdinium,53709,0.03312752886608112,1621280,108368120,169613,108537733,Asor
M16-1.k2_mpa_report,M16,Effrenium,23286,0.014362725747557486,1621280,108368120,169613,108537733,Asor
M16-1.k2_mpa_report,M16,Fugacium,121416,0.07488897661107273,1621280,108368120,169613,108537733,Asor
M17-1.k2_mpa_report,M17,Symbiodinium,107029,0.044060939116459384,2429113,115861831,141068,116002899,Asor
M17-1.k2_mpa_report,M17,Breviolum,42010,0.017294378647679215,2429113,115861831,141068,116002899,Asor
M17-1.k2_mpa_report,M17,Cladocopium,2012692,0.8285707581327011,2429113,115861831,141068,116002899,Asor
M17-1.k2_mpa_report,M17,Durusdinium,57194,0.023545220004174364,2429113,115861831,141068,116002899,Asor
M17-1.k2_mpa_report,M17,Effrenium,26197,0.010784595035307126,2429113,115861831,141068,116002899,Asor
M17-1.k2_mpa_report,M17,Fugacium,135643,0.05584054755789459,2429113,115861831,141068,116002899,Asor
M18-1.k2_mpa_report,M18,Symbiodinium,88639,0.048236811458548745,1837580,101681548,113578,101795126,Asor
M18-1.k2_mpa_report,M18,Breviolum,32586,0.01773310549744773,1837580,101681548,113578,101795126,Asor
M18-1.k2_mpa_report,M18,Cladocopium,1480795,0.8058397457525659,1837580,101681548,113578,101795126,Asor
M18-1.k2_mpa_report,M18,Durusdinium,54412,0.029610683616495607,1837580,101681548,113578,101795126,Asor
M18-1.k2_mpa_report,M18,Effrenium,22569,0.012281914256794263,1837580,101681548,113578,101795126,Asor
M18-1.k2_mpa_report,M18,Fugacium,120968,0.06583005909946778,1837580,101681548,113578,101795126,Asor
M19-1.k2_mpa_report,M19,Symbiodinium,44983,0.055489285903725476,810661,86363312,89282,86452594,Asor
M19-1.k2_mpa_report,M19,Breviolum,15470,0.01908319260455357,810661,86363312,89282,86452594,Asor
M19-1.k2_mpa_report,M19,Cladocopium,647419,0.7986309937199396,810661,86363312,89282,86452594,Asor
M19-1.k2_mpa_report,M19,Durusdinium,22882,0.028226348621680334,810661,86363312,89282,86452594,Asor
M19-1.k2_mpa_report,M19,Effrenium,10355,0.01277352678863298,810661,86363312,89282,86452594,Asor
M19-1.k2_mpa_report,M19,Fugacium,51806,0.06390587434204927,810661,86363312,89282,86452594,Asor
M2-1.k2_mpa_report,M2,Symbiodinium,132621,0.04779035248992994,2775058,98543972,167004,98710976,Falalop
M2-1.k2_mpa_report,M2,Breviolum,50512,0.018202142081354695,2775058,98543972,167004,98710976,Falalop
M2-1.k2_mpa_report,M2,Cladocopium,2272704,0.818975315110531,2775058,98543972,167004,98710976,Falalop
M2-1.k2_mpa_report,M2,Durusdinium,69763,0.02513929438591914,2775058,98543972,167004,98710976,Falalop
M2-1.k2_mpa_report,M2,Effrenium,29473,0.010620678919143312,2775058,98543972,167004,98710976,Falalop
M2-1.k2_mpa_report,M2,Fugacium,163338,0.05885931032792828,2775058,98543972,167004,98710976,Falalop
M20-1.k2_mpa_report,M20,Symbiodinium,83206,0.04948484754770305,1681444,109156357,288956,109445313,Asor
M20-1.k2_mpa_report,M20,Breviolum,31836,0.018933726011689953,1681444,109156357,288956,109445313,Asor
M20-1.k2_mpa_report,M20,Cladocopium,1354086,0.8053113871172635,1681444,109156357,288956,109445313,Asor
M20-1.k2_mpa_report,M20,Durusdinium,46985,0.02794324402121034,1681444,109156357,288956,109445313,Asor
M20-1.k2_mpa_report,M20,Effrenium,21198,0.012607021108047607,1681444,109156357,288956,109445313,Asor
M20-1.k2_mpa_report,M20,Fugacium,108264,0.06438751454107303,1681444,109156357,288956,109445313,Asor
M21-1.k2_mpa_report,M21,Symbiodinium,84816,0.050378300552037264,1683582,105200229,179635,105379864,MogMog
M21-1.k2_mpa_report,M21,Breviolum,41402,0.02459161478324192,1683582,105200229,179635,105379864,MogMog
M21-1.k2_mpa_report,M21,Cladocopium,1158627,0.6881916057548726,1683582,105200229,179635,105379864,MogMog
M21-1.k2_mpa_report,M21,Durusdinium,99745,0.05924570350597714,1683582,105200229,179635,105379864,MogMog
M21-1.k2_mpa_report,M21,Effrenium,51232,0.030430356228565048,1683582,105200229,179635,105379864,MogMog
M21-1.k2_mpa_report,M21,Fugacium,209712,0.12456298534909496,1683582,105200229,179635,105379864,MogMog
M22-1.k2_mpa_report,M22,Symbiodinium,69297,0.043752857002149224,1583828,99455435,106162,99561597,MogMog
M22-1.k2_mpa_report,M22,Breviolum,30250,0.0190992961356915,1583828,99455435,106162,99561597,MogMog
M22-1.k2_mpa_report,M22,Cladocopium,1254463,0.7920449695295196,1583828,99455435,106162,99561597,MogMog
M22-1.k2_mpa_report,M22,Durusdinium,50395,0.031818480289526385,1583828,99455435,106162,99561597,MogMog
M22-1.k2_mpa_report,M22,Effrenium,27961,0.01765406344628331,1583828,99455435,106162,99561597,MogMog
M22-1.k2_mpa_report,M22,Fugacium,116179,0.07335329341317365,1583828,99455435,106162,99561597,MogMog
M23-1.k2_mpa_report,M23,Symbiodinium,63587,0.048369404812979036,1314612,96624830,128490,96753320,MogMog
M23-1.k2_mpa_report,M23,Breviolum,25605,0.019477229783388558,1314612,96624830,128490,96753320,MogMog
M23-1.k2_mpa_report,M23,Cladocopium,1030738,0.7840625218695706,1314612,96624830,128490,96753320,MogMog
M23-1.k2_mpa_report,M23,Durusdinium,47119,0.03584251474959912,1314612,96624830,128490,96753320,MogMog
M23-1.k2_mpa_report,M23,Effrenium,18686,0.01421407989581717,1314612,96624830,128490,96753320,MogMog
M23-1.k2_mpa_report,M23,Fugacium,100857,0.07671997517138136,1314612,96624830,128490,96753320,MogMog
M24-1.k2_mpa_report,M24,Symbiodinium,72728,0.05194163351038111,1400187,92822463,149513,92971976,MogMog
M24-1.k2_mpa_report,M24,Breviolum,28979,0.020696521250375844,1400187,92822463,149513,92971976,MogMog
M24-1.k2_mpa_report,M24,Cladocopium,1063841,0.7597849430111835,1400187,92822463,149513,92971976,MogMog
M24-1.k2_mpa_report,M24,Durusdinium,59053,0.04217508089990837,1400187,92822463,149513,92971976,MogMog
M24-1.k2_mpa_report,M24,Effrenium,22783,0.01627139803469108,1400187,92822463,149513,92971976,MogMog
M24-1.k2_mpa_report,M24,Fugacium,122606,0.08756401823470722,1400187,92822463,149513,92971976,MogMog
M25-1.k2_mpa_report,M25,Symbiodinium,87956,0.048787414537713236,1802842,94530074,127578,94657652,MogMog
M25-1.k2_mpa_report,M25,Breviolum,32074,0.017790799193717476,1802842,94530074,127578,94657652,MogMog
M25-1.k2_mpa_report,M25,Cladocopium,1460078,0.8098757406361733,1802842,94530074,127578,94657652,MogMog
M25-1.k2_mpa_report,M25,Durusdinium,49752,0.02759642830597468,1802842,94530074,127578,94657652,MogMog
M25-1.k2_mpa_report,M25,Effrenium,21770,0.012075378763086283,1802842,94530074,127578,94657652,MogMog
M25-1.k2_mpa_report,M25,Fugacium,112689,0.06250630948247267,1802842,94530074,127578,94657652,MogMog
M26-1.k2_mpa_report,M26,Symbiodinium,52338,0.0495315427857589,1056660,98277259,74394,98351653,MogMog
M26-1.k2_mpa_report,M26,Breviolum,19817,0.01875437699922397,1056660,98277259,74394,98351653,MogMog
M26-1.k2_mpa_report,M26,Cladocopium,831042,0.7864800408835387,1056660,98277259,74394,98351653,MogMog
M26-1.k2_mpa_report,M26,Durusdinium,36397,0.03444532773077433,1056660,98277259,74394,98351653,MogMog
M26-1.k2_mpa_report,M26,Effrenium,15801,0.014953722105502243,1056660,98277259,74394,98351653,MogMog
M26-1.k2_mpa_report,M26,Fugacium,79393,0.07513580527321939,1056660,98277259,74394,98351653,MogMog
M27-1.k2_mpa_report,M27,Symbiodinium,55865,0.04951596405671933,1128222,103824929,172417,103997346,MogMog
M27-1.k2_mpa_report,M27,Breviolum,30393,0.026938847141785925,1128222,103824929,172417,103997346,MogMog
M27-1.k2_mpa_report,M27,Cladocopium,784782,0.6955918250131623,1128222,103824929,172417,103997346,MogMog
M27-1.k2_mpa_report,M27,Durusdinium,66175,0.05865423648891796,1128222,103824929,172417,103997346,MogMog
M27-1.k2_mpa_report,M27,Effrenium,32562,0.028861341119035083,1128222,103824929,172417,103997346,MogMog
M27-1.k2_mpa_report,M27,Fugacium,132175,0.11715336166109153,1128222,103824929,172417,103997346,MogMog
M28-1.k2_mpa_report,M28,Symbiodinium,109722,0.05077557208245929,2160921,121066302,141083,121207385,MogMog
M28-1.k2_mpa_report,M28,Breviolum,41060,0.019001157376877728,2160921,121066302,141083,121207385,MogMog
M28-1.k2_mpa_report,M28,Cladocopium,1733301,0.8021121549561506,2160921,121066302,141083,121207385,MogMog
M28-1.k2_mpa_report,M28,Durusdinium,62774,0.02904965058879987,2160921,121066302,141083,121207385,MogMog
M28-1.k2_mpa_report,M28,Effrenium,25372,0.01174128994072435,2160921,121066302,141083,121207385,MogMog
M28-1.k2_mpa_report,M28,Fugacium,142665,0.06602046072022068,2160921,121066302,141083,121207385,MogMog
M29-1.k2_mpa_report,M29,Symbiodinium,73515,0.04751836678762525,1547086,111363431,202335,111565766,MogMog
M29-1.k2_mpa_report,M29,Breviolum,42969,0.027774150887539543,1547086,111363431,202335,111565766,MogMog
M29-1.k2_mpa_report,M29,Cladocopium,1023550,0.6615986441606996,1547086,111363431,202335,111565766,MogMog
M29-1.k2_mpa_report,M29,Durusdinium,105959,0.06848940524314744,1547086,111363431,202335,111565766,MogMog
M29-1.k2_mpa_report,M29,Effrenium,45160,0.029190361751059733,1547086,111363431,202335,111565766,MogMog
M29-1.k2_mpa_report,M29,Fugacium,219908,0.14214335854632515,1547086,111363431,202335,111565766,MogMog
M3-1.k2_mpa_report,M3,Symbiodinium,119246,0.04995335435982786,2387147,108836265,149962,108986227,Falalop
M3-1.k2_mpa_report,M3,Breviolum,42775,0.017918879733841275,2387147,108836265,149962,108986227,Falalop
M3-1.k2_mpa_report,M3,Cladocopium,1953091,0.8181695555405679,2387147,108836265,149962,108986227,Falalop
M3-1.k2_mpa_report,M3,Durusdinium,57519,0.024095290319364495,2387147,108836265,149962,108986227,Falalop
M3-1.k2_mpa_report,M3,Effrenium,25813,0.010813326535818698,2387147,108836265,149962,108986227,Falalop
M3-1.k2_mpa_report,M3,Fugacium,139394,0.05839355515181931,2387147,108836265,149962,108986227,Falalop
M30-1.k2_mpa_report,M30,Symbiodinium,76982,0.05544456048111203,1388450,91274118,102364,91376482,MogMog
M30-1.k2_mpa_report,M30,Breviolum,26572,0.0191378875724729,1388450,91274118,102364,91376482,MogMog
M30-1.k2_mpa_report,M30,Cladocopium,1082603,0.7797205516943354,1388450,91274118,102364,91376482,MogMog
M30-1.k2_mpa_report,M30,Durusdinium,47707,0.03435989772768195,1388450,91274118,102364,91376482,MogMog
M30-1.k2_mpa_report,M30,Effrenium,19223,0.013844934999459829,1388450,91274118,102364,91376482,MogMog
M30-1.k2_mpa_report,M30,Fugacium,105435,0.07593719615398466,1388450,91274118,102364,91376482,MogMog
M31-1.k2_mpa_report,M31,Symbiodinium,109593,0.04374482842030768,2505279,97202423,129837,97332260,Sorghlei
M31-1.k2_mpa_report,M31,Breviolum,43616,0.017409637808802933,2505279,97202423,129837,97332260,Sorghlei
M31-1.k2_mpa_report,M31,Cladocopium,2094814,0.8361599646187111,2505279,97202423,129837,97332260,Sorghlei
M31-1.k2_mpa_report,M31,Durusdinium,52569,0.020983291681285796,2505279,97202423,129837,97332260,Sorghlei
M31-1.k2_mpa_report,M31,Effrenium,24189,0.009655212054226295,2505279,97202423,129837,97332260,Sorghlei
M31-1.k2_mpa_report,M31,Fugacium,130942,0.05226643419754846,2505279,97202423,129837,97332260,Sorghlei
M32-1.k2_mpa_report,M32,Symbiodinium,80838,0.044580697249649255,1813296,97775556,142648,97918204,Sorghlei
M32-1.k2_mpa_report,M32,Breviolum,32808,0.018093019562167457,1813296,97775556,142648,97918204,Sorghlei
M32-1.k2_mpa_report,M32,Cladocopium,1464580,0.8076894230175327,1813296,97775556,142648,97918204,Sorghlei
M32-1.k2_mpa_report,M32,Durusdinium,50726,0.02797447300385596,1813296,97775556,142648,97918204,Sorghlei
M32-1.k2_mpa_report,M32,Effrenium,26822,0.014791848655707618,1813296,97775556,142648,97918204,Sorghlei
M32-1.k2_mpa_report,M32,Fugacium,118481,0.0653401320027177,1813296,97775556,142648,97918204,Sorghlei
M33-1.k2_mpa_report,M33,Symbiodinium,78462,0.05621497848108793,1395749,97724263,123592,97847855,Sorghlei
M33-1.k2_mpa_report,M33,Breviolum,26519,0.01899983449746337,1395749,97724263,123592,97847855,Sorghlei
M33-1.k2_mpa_report,M33,Cladocopium,1110991,0.7959819423119773,1395749,97724263,123592,97847855,Sorghlei
M33-1.k2_mpa_report,M33,Durusdinium,40423,0.028961510988007155,1395749,97724263,123592,97847855,Sorghlei
M33-1.k2_mpa_report,M33,Effrenium,17541,0.012567445865983067,1395749,97724263,123592,97847855,Sorghlei
M33-1.k2_mpa_report,M33,Fugacium,91784,0.06575967455466564,1395749,97724263,123592,97847855,Sorghlei
M34-1.k2_mpa_report,M34,Symbiodinium,85677,0.04622633569005257,1853424,98088113,106404,98194517,Sorghlei
M34-1.k2_mpa_report,M34,Breviolum,32862,0.017730427576204907,1853424,98088113,106404,98194517,Sorghlei
M34-1.k2_mpa_report,M34,Cladocopium,1537283,0.8294286682378128,1853424,98088113,106404,98194517,Sorghlei
M34-1.k2_mpa_report,M34,Durusdinium,42329,0.022838271221263997,1853424,98088113,106404,98194517,Sorghlei
M34-1.k2_mpa_report,M34,Effrenium,18461,0.00996048394754789,1853424,98088113,106404,98194517,Sorghlei
M34-1.k2_mpa_report,M34,Fugacium,100767,0.054368023722580476,1853424,98088113,106404,98194517,Sorghlei
M35-1.k2_mpa_report,M35,Symbiodinium,80747,0.05022229243583747,1607792,110335139,127850,110462989,Sorghlei
M35-1.k2_mpa_report,M35,Breviolum,29030,0.018055818165533852,1607792,110335139,127850,110462989,Sorghlei
M35-1.k2_mpa_report,M35,Cladocopium,1315017,0.817902440116632,1607792,110335139,127850,110462989,Sorghlei
M35-1.k2_mpa_report,M35,Durusdinium,38924,0.024209599251644492,1607792,110335139,127850,110462989,Sorghlei
M35-1.k2_mpa_report,M35,Effrenium,18632,0.011588563694806294,1607792,110335139,127850,110462989,Sorghlei
M35-1.k2_mpa_report,M35,Fugacium,92594,0.05759078288733866,1607792,110335139,127850,110462989,Sorghlei
M36-1.k2_mpa_report,M36,Symbiodinium,107996,0.05356532607860011,2016155,90511661,114622,90626283,Sorghlei
M36-1.k2_mpa_report,M36,Breviolum,35458,0.017586941480193734,2016155,90511661,114622,90626283,Sorghlei
M36-1.k2_mpa_report,M36,Cladocopium,1658326,0.8225191019539668,2016155,90511661,114622,90626283,Sorghlei
M36-1.k2_mpa_report,M36,Durusdinium,44561,0.022101971326609314,2016155,90511661,114622,90626283,Sorghlei
M36-1.k2_mpa_report,M36,Effrenium,21415,0.01062170319246288,2016155,90511661,114622,90626283,Sorghlei
M36-1.k2_mpa_report,M36,Fugacium,108056,0.053595085695296245,2016155,90511661,114622,90626283,Sorghlei
M37-1.k2_mpa_report,M37,Symbiodinium,90825,0.05418056848883191,1676339,108762859,130206,108893065,Sorghlei
M37-1.k2_mpa_report,M37,Breviolum,29876,0.01782217081389862,1676339,108762859,130206,108893065,Sorghlei
M37-1.k2_mpa_report,M37,Cladocopium,1354050,0.8077423480572844,1676339,108762859,130206,108893065,Sorghlei
M37-1.k2_mpa_report,M37,Durusdinium,44138,0.02632999649832164,1676339,108762859,130206,108893065,Sorghlei
M37-1.k2_mpa_report,M37,Effrenium,19898,0.011869914140278309,1676339,108762859,130206,108893065,Sorghlei
M37-1.k2_mpa_report,M37,Fugacium,101456,0.060522364509803805,1676339,108762859,130206,108893065,Sorghlei
M38-1.k2_mpa_report,M38,Symbiodinium,171568,0.050489926028467975,3398064,100330334,183527,100513861,Sorghlei
M38-1.k2_mpa_report,M38,Breviolum,62035,0.018255983407022353,3398064,100330334,183527,100513861,Sorghlei
M38-1.k2_mpa_report,M38,Cladocopium,2756980,0.8113384562503826,3398064,100330334,183527,100513861,Sorghlei
M38-1.k2_mpa_report,M38,Durusdinium,86711,0.025517765409951078,3398064,100330334,183527,100513861,Sorghlei
M38-1.k2_mpa_report,M38,Effrenium,44002,0.012949138097457846,3398064,100330334,183527,100513861,Sorghlei
M38-1.k2_mpa_report,M38,Fugacium,202508,0.059595110627698594,3398064,100330334,183527,100513861,Sorghlei
M39-1.k2_mpa_report,M39,Symbiodinium,100895,0.04671609835962344,2159748,106634272,192154,106826426,Sorghlei
M39-1.k2_mpa_report,M39,Breviolum,41248,0.019098524457483,2159748,106634272,192154,106826426,Sorghlei
M39-1.k2_mpa_report,M39,Cladocopium,1735360,0.8035011492081484,2159748,106634272,192154,106826426,Sorghlei
M39-1.k2_mpa_report,M39,Durusdinium,60281,0.02791112666848169,2159748,106634272,192154,106826426,Sorghlei
M39-1.k2_mpa_report,M39,Effrenium,32178,0.014898960434272888,2159748,106634272,192154,106826426,Sorghlei
M39-1.k2_mpa_report,M39,Fugacium,143011,0.06621652155714464,2159748,106634272,192154,106826426,Sorghlei
M4-1.k2_mpa_report,M4,Symbiodinium,90873,0.04193071486117225,2167218,99419321,114695,99534016,Falalop
M4-1.k2_mpa_report,M4,Breviolum,38593,0.01780762249113841,2167218,99419321,114695,99534016,Falalop
M4-1.k2_mpa_report,M4,Cladocopium,1762210,0.8131207843419536,2167218,99419321,114695,99534016,Falalop
M4-1.k2_mpa_report,M4,Durusdinium,60422,0.02787998253982756,2167218,99419321,114695,99534016,Falalop
M4-1.k2_mpa_report,M4,Effrenium,30801,0.014212229688014773,2167218,99419321,114695,99534016,Falalop
M4-1.k2_mpa_report,M4,Fugacium,139110,0.06418828193564284,2167218,99419321,114695,99534016,Falalop
M40-1.k2_mpa_report,M40,Symbiodinium,104034,0.05465414445097628,1903497,88523387,154285,88677672,Sorghlei
M40-1.k2_mpa_report,M40,Breviolum,34649,0.01820281303306493,1903497,88523387,154285,88677672,Sorghlei
M40-1.k2_mpa_report,M40,Cladocopium,1554499,0.8166542947007535,1903497,88523387,154285,88677672,Sorghlei
M40-1.k2_mpa_report,M40,Durusdinium,44436,0.02334440243404639,1903497,88523387,154285,88677672,Sorghlei
M40-1.k2_mpa_report,M40,Effrenium,20853,0.010955100008037838,1903497,88523387,154285,88677672,Sorghlei
M40-1.k2_mpa_report,M40,Fugacium,106890,0.05615454082669949,1903497,88523387,154285,88677672,Sorghlei
M41-1.k2_mpa_report,M41,Symbiodinium,83093,0.04265048651828248,1948231,96599144,118633,96717777,Federai
M41-1.k2_mpa_report,M41,Breviolum,34576,0.017747382112285454,1948231,96599144,118633,96717777,Federai
M41-1.k2_mpa_report,M41,Cladocopium,1589689,0.8159653552376489,1948231,96599144,118633,96717777,Federai
M41-1.k2_mpa_report,M41,Durusdinium,52241,0.0268145820490486,1948231,96599144,118633,96717777,Federai
M41-1.k2_mpa_report,M41,Effrenium,26598,0.013652385163771647,1948231,96599144,118633,96717777,Federai
M41-1.k2_mpa_report,M41,Fugacium,119652,0.06141571507690823,1948231,96599144,118633,96717777,Federai
M42-1.k2_mpa_report,M42,Symbiodinium,78710,0.04230294411507519,1860627,99523914,113529,99637443,Federai
M42-1.k2_mpa_report,M42,Breviolum,34318,0.018444320113596115,1860627,99523914,113529,99637443,Federai
M42-1.k2_mpa_report,M42,Cladocopium,1495685,0.8038607415672244,1860627,99523914,113529,99637443,Federai
M42-1.k2_mpa_report,M42,Durusdinium,55288,0.029714714448409056,1860627,99523914,113529,99637443,Federai
M42-1.k2_mpa_report,M42,Effrenium,29020,0.015596892875358682,1860627,99523914,113529,99637443,Federai
M42-1.k2_mpa_report,M42,Fugacium,127836,0.06870587173033606,1860627,99523914,113529,99637443,Federai
M43-1.k2_mpa_report,M43,Symbiodinium,57042,0.04481978035620419,1272697,118233361,119110,118352471,Federai
M43-1.k2_mpa_report,M43,Breviolum,26391,0.020736278941491965,1272697,118233361,119110,118352471,Federai
M43-1.k2_mpa_report,M43,Cladocopium,967294,0.7600347922561301,1272697,118233361,119110,118352471,Federai
M43-1.k2_mpa_report,M43,Durusdinium,50495,0.03967558656930911,1272697,118233361,119110,118352471,Federai
M43-1.k2_mpa_report,M43,Effrenium,28173,0.022136455102824946,1272697,118233361,119110,118352471,Federai
M43-1.k2_mpa_report,M43,Fugacium,114667,0.09009764303679509,1272697,118233361,119110,118352471,Federai
M44-1.k2_mpa_report,M44,Symbiodinium,83307,0.0452574896753143,1840734,92548197,239054,92787251,Federai
M44-1.k2_mpa_report,M44,Breviolum,34371,0.01867244262343174,1840734,92548197,239054,92787251,Federai
M44-1.k2_mpa_report,M44,Cladocopium,1506658,0.8185093555070966,1840734,92548197,239054,92787251,Federai
M44-1.k2_mpa_report,M44,Durusdinium,44332,0.024083870890633845,1840734,92548197,239054,92787251,Federai
M44-1.k2_mpa_report,M44,Effrenium,23676,0.012862260380913267,1840734,92548197,239054,92787251,Federai
M44-1.k2_mpa_report,M44,Fugacium,106876,0.058061621070725045,1840734,92548197,239054,92787251,Federai
M45-1.k2_mpa_report,M45,Symbiodinium,105831,0.051003161944472956,2074989,112277414,711833,112989247,Federai
M45-1.k2_mpa_report,M45,Breviolum,35163,0.01694611393120638,2074989,112277414,711833,112989247,Federai
M45-1.k2_mpa_report,M45,Cladocopium,1710848,0.8245094311343337,2074989,112277414,711833,112989247,Federai
M45-1.k2_mpa_report,M45,Durusdinium,47630,0.02295433855312004,2074989,112277414,711833,112989247,Federai
M45-1.k2_mpa_report,M45,Effrenium,20780,0.010014510920298855,2074989,112277414,711833,112989247,Federai
M45-1.k2_mpa_report,M45,Fugacium,112212,0.05407835896961381,2074989,112277414,711833,112989247,Federai
M46-1.k2_mpa_report,M46,Symbiodinium,76308,0.045785340267015154,1666647,97886126,106939,97993065,Federai
M46-1.k2_mpa_report,M46,Breviolum,30781,0.018468817932051598,1666647,97886126,106939,97993065,Federai
M46-1.k2_mpa_report,M46,Cladocopium,1371410,0.8228557096973744,1666647,97886126,106939,97993065,Federai
M46-1.k2_mpa_report,M46,Durusdinium,40266,0.02415988508664402,1666647,97886126,106939,97993065,Federai
M46-1.k2_mpa_report,M46,Effrenium,19060,0.011436134946392368,1666647,97886126,106939,97993065,Federai
M46-1.k2_mpa_report,M46,Fugacium,94870,0.05692267168752591,1666647,97886126,106939,97993065,Federai
M47-1.k2_mpa_report,M47,Symbiodinium,104342,0.04404662250269007,2368899,106711508,151713,106863221,Federai
M47-1.k2_mpa_report,M47,Breviolum,43258,0.01826080385867021,2368899,106711508,151713,106863221,Federai
M47-1.k2_mpa_report,M47,Cladocopium,1938396,0.8182687400349277,2368899,106711508,151713,106863221,Federai
M47-1.k2_mpa_report,M47,Durusdinium,60424,0.025507208200940604,2368899,106711508,151713,106863221,Federai
M47-1.k2_mpa_report,M47,Effrenium,30775,0.012991267251157606,2368899,106711508,151713,106863221,Federai
M47-1.k2_mpa_report,M47,Fugacium,140309,0.05922962523940446,2368899,106711508,151713,106863221,Federai
M48-1.k2_mpa_report,M48,Symbiodinium,68282,0.0461887921727578,1478324,97945106,127667,98072773,Federai
M48-1.k2_mpa_report,M48,Breviolum,26473,0.01790744112927883,1478324,97945106,127667,98072773,Federai
M48-1.k2_mpa_report,M48,Cladocopium,1205873,0.8157027823400013,1478324,97945106,127667,98072773,Federai
M48-1.k2_mpa_report,M48,Durusdinium,38492,0.026037593923930073,1478324,97945106,127667,98072773,Federai
M48-1.k2_mpa_report,M48,Effrenium,18829,0.01273672077298346,1478324,97945106,127667,98072773,Federai
M48-1.k2_mpa_report,M48,Fugacium,89111,0.06027839634613251,1478324,97945106,127667,98072773,Federai
M49-1.k2_mpa_report,M49,Symbiodinium,79161,0.05142952924643958,1539213,81821211,87676,81908887,Federai
M49-1.k2_mpa_report,M49,Breviolum,26781,0.017399151384506237,1539213,81821211,87676,81908887,Federai
M49-1.k2_mpa_report,M49,Cladocopium,1250966,0.8127309215813536,1539213,81821211,87676,81908887,Federai
M49-1.k2_mpa_report,M49,Durusdinium,40524,0.026327740215291842,1539213,81821211,87676,81908887,Federai
M49-1.k2_mpa_report,M49,Effrenium,16987,0.011036159387946958,1539213,81821211,87676,81908887,Federai
M49-1.k2_mpa_report,M49,Fugacium,94003,0.06107211932331653,1539213,81821211,87676,81908887,Federai
M5-1.k2_mpa_report,M5,Symbiodinium,85783,0.050622341505327614,1694568,86674034,185777,86859811,Falalop
M5-1.k2_mpa_report,M5,Breviolum,28983,0.01710347415978586,1694568,86674034,185777,86859811,Falalop
M5-1.k2_mpa_report,M5,Cladocopium,1395176,0.8233225223183726,1694568,86674034,185777,86859811,Falalop
M5-1.k2_mpa_report,M5,Durusdinium,40149,0.02369276417352387,1694568,86674034,185777,86859811,Falalop
M5-1.k2_mpa_report,M5,Effrenium,17900,0.010563164181077419,1694568,86674034,185777,86859811,Falalop
M5-1.k2_mpa_report,M5,Fugacium,91810,0.05417900019355966,1694568,86674034,185777,86859811,Falalop
M50-1.k2_mpa_report,M50,Symbiodinium,78271,0.04331778923262025,1806902,96220602,200705,96421307,Federai
M50-1.k2_mpa_report,M50,Breviolum,33728,0.018666203258394756,1806902,96220602,200705,96421307,Federai
M50-1.k2_mpa_report,M50,Cladocopium,1458834,0.807367527403257,1806902,96220602,200705,96421307,Federai
M50-1.k2_mpa_report,M50,Durusdinium,51124,0.02829373148073332,1806902,96220602,200705,96421307,Federai
M50-1.k2_mpa_report,M50,Effrenium,26594,0.014718009056384906,1806902,96220602,200705,96421307,Federai
M50-1.k2_mpa_report,M50,Fugacium,118839,0.06576947725997315,1806902,96220602,200705,96421307,Federai
M51-1.k2_mpa_report,M51,Symbiodinium,42275,0.07835581603110879,539526,93997676,96886,94094562,Fetabul
M51-1.k2_mpa_report,M51,Breviolum,11827,0.021921093700766968,539526,93997676,96886,94094562,Fetabul
M51-1.k2_mpa_report,M51,Cladocopium,376687,0.6981813666069846,539526,93997676,96886,94094562,Fetabul
M51-1.k2_mpa_report,M51,Durusdinium,25391,0.04706168006731835,539526,93997676,96886,94094562,Fetabul
M51-1.k2_mpa_report,M51,Effrenium,14955,0.027718775369490998,539526,93997676,96886,94094562,Fetabul
M51-1.k2_mpa_report,M51,Fugacium,55384,0.10265306954623132,539526,93997676,96886,94094562,Fetabul
M52-1.k2_mpa_report,M52,Symbiodinium,52133,0.07313278735898235,712854,91007244,74330,91081574,Fetabul
M52-1.k2_mpa_report,M52,Breviolum,12967,0.01819026055826298,712854,91007244,74330,91081574,Fetabul
M52-1.k2_mpa_report,M52,Cladocopium,552131,0.7745358797173054,712854,91007244,74330,91081574,Fetabul
M52-1.k2_mpa_report,M52,Durusdinium,22307,0.03129252273256515,712854,91007244,74330,91081574,Fetabul
M52-1.k2_mpa_report,M52,Effrenium,9808,0.013758778094813243,712854,91007244,74330,91081574,Fetabul
M52-1.k2_mpa_report,M52,Fugacium,48457,0.0679760511970193,712854,91007244,74330,91081574,Fetabul
M53-1.k2_mpa_report,M53,Symbiodinium,111494,0.07606145550574721,1465841,97082579,119849,97202428,Fetabul
M53-1.k2_mpa_report,M53,Breviolum,24825,0.016935670376254996,1465841,97082579,119849,97202428,Fetabul
M53-1.k2_mpa_report,M53,Cladocopium,1166587,0.7958482536646199,1465841,97082579,119849,97202428,Fetabul
M53-1.k2_mpa_report,M53,Durusdinium,35730,0.024375085701655228,1465841,97082579,119849,97202428,Fetabul
M53-1.k2_mpa_report,M53,Effrenium,16020,0.010928879735250958,1465841,97082579,119849,97202428,Fetabul
M53-1.k2_mpa_report,M53,Fugacium,81635,0.05569157910032534,1465841,97082579,119849,97202428,Fetabul
M54-1.k2_mpa_report,M54,Symbiodinium,131842,0.20722673410654474,636221,110085941,241291,110327232,Fetabul
M54-1.k2_mpa_report,M54,Breviolum,13441,0.021126306739324856,636221,110085941,241291,110327232,Fetabul
M54-1.k2_mpa_report,M54,Cladocopium,357522,0.5619462419505172,636221,110085941,241291,110327232,Fetabul
M54-1.k2_mpa_report,M54,Durusdinium,31724,0.049863176474841286,636221,110085941,241291,110327232,Fetabul
M54-1.k2_mpa_report,M54,Effrenium,20004,0.03144190462119295,636221,110085941,241291,110327232,Fetabul
M54-1.k2_mpa_report,M54,Fugacium,67512,0.10611407042521388,636221,110085941,241291,110327232,Fetabul
M55-1.k2_mpa_report,M55,Symbiodinium,75930,0.0780341919869275,973035,86996453,254477,87250930,Fetabul
M55-1.k2_mpa_report,M55,Breviolum,17914,0.018410437445723946,973035,86996453,254477,87250930,Fetabul
M55-1.k2_mpa_report,M55,Cladocopium,742401,0.762974610368589,973035,86996453,254477,87250930,Fetabul
M55-1.k2_mpa_report,M55,Durusdinium,32952,0.03386517442846352,973035,86996453,254477,87250930,Fetabul
M55-1.k2_mpa_report,M55,Effrenium,14133,0.01452465738642495,973035,86996453,254477,87250930,Fetabul
M55-1.k2_mpa_report,M55,Fugacium,69436,0.07136022856320687,973035,86996453,254477,87250930,Fetabul
M56-1.k2_mpa_report,M56,Symbiodinium,41224,0.06002609323672623,686768,90763376,77448,90840824,Fetabul
M56-1.k2_mpa_report,M56,Breviolum,13051,0.01900350627868509,686768,90763376,77448,90840824,Fetabul
M56-1.k2_mpa_report,M56,Cladocopium,538102,0.7835280618782471,686768,90763376,77448,90840824,Fetabul
M56-1.k2_mpa_report,M56,Durusdinium,21758,0.03168173240453836,686768,90763376,77448,90840824,Fetabul
M56-1.k2_mpa_report,M56,Effrenium,9719,0.014151795074901568,686768,90763376,77448,90840824,Fetabul
M56-1.k2_mpa_report,M56,Fugacium,48246,0.0702507979404981,686768,90763376,77448,90840824,Fetabul
M57-1.k2_mpa_report,M57,Symbiodinium,80833,0.08356239862633187,967337,88945045,97270,89042315,Fetabul
M57-1.k2_mpa_report,M57,Breviolum,16809,0.017376570936498862,967337,88945045,97270,89042315,Fetabul
M57-1.k2_mpa_report,M57,Cladocopium,753518,0.7789612100023053,967337,88945045,97270,89042315,Fetabul
M57-1.k2_mpa_report,M57,Durusdinium,26416,0.02730795989401832,967337,88945045,97270,89042315,Fetabul
M57-1.k2_mpa_report,M57,Effrenium,11747,0.012143647973767156,967337,88945045,97270,89042315,Fetabul
M57-1.k2_mpa_report,M57,Fugacium,58150,0.06011348682000171,967337,88945045,97270,89042315,Fetabul
M58-1.k2_mpa_report,M58,Symbiodinium,46264,0.057770424249992194,800825,87767388,82990,87850378,Fetabul
M58-1.k2_mpa_report,M58,Breviolum,14527,0.018140043080573157,800825,87767388,82990,87850378,Fetabul
M58-1.k2_mpa_report,M58,Cladocopium,640723,0.800078668872725,800825,87767388,82990,87850378,Fetabul
M58-1.k2_mpa_report,M58,Durusdinium,22815,0.028489370336840132,800825,87767388,82990,87850378,Fetabul
M58-1.k2_mpa_report,M58,Effrenium,9845,0.012293572253613461,800825,87767388,82990,87850378,Fetabul
M58-1.k2_mpa_report,M58,Fugacium,50060,0.06251053600973995,800825,87767388,82990,87850378,Fetabul
M59-1.k2_mpa_report,M59,Symbiodinium,110326,0.15189535320770614,726329,104568994,211593,104780587,Fetabul
M59-1.k2_mpa_report,M59,Breviolum,15988,0.02201206340377432,726329,104568994,211593,104780587,Fetabul
M59-1.k2_mpa_report,M59,Cladocopium,438752,0.6040678535484608,726329,104568994,211593,104780587,Fetabul
M59-1.k2_mpa_report,M59,Durusdinium,37484,0.051607467139546954,726329,104568994,211593,104780587,Fetabul
M59-1.k2_mpa_report,M59,Effrenium,23199,0.03194007123493624,726329,104568994,211593,104780587,Fetabul
M59-1.k2_mpa_report,M59,Fugacium,83756,0.11531413450378547,726329,104568994,211593,104780587,Fetabul
M6-1.k2_mpa_report,M6,Symbiodinium,86150,0.05109275633410808,1686149,99138776,263976,99402752,Falalop
M6-1.k2_mpa_report,M6,Breviolum,43651,0.02588798498827802,1686149,99138776,263976,99402752,Falalop
M6-1.k2_mpa_report,M6,Cladocopium,1206226,0.7153733151696559,1686149,99138776,263976,99402752,Falalop
M6-1.k2_mpa_report,M6,Durusdinium,87864,0.05210927385420861,1686149,99138776,263976,99402752,Falalop
M6-1.k2_mpa_report,M6,Effrenium,39521,0.023438616634710217,1686149,99138776,263976,99402752,Falalop
M6-1.k2_mpa_report,M6,Fugacium,183433,0.10878813200968597,1686149,99138776,263976,99402752,Falalop
M60-1.k2_mpa_report,M60,Symbiodinium,87062,0.11945414032314718,728832,108828835,134471,108963306,Fetabul
M60-1.k2_mpa_report,M60,Breviolum,13959,0.019152561907270813,728832,108828835,134471,108963306,Fetabul
M60-1.k2_mpa_report,M60,Cladocopium,504942,0.6928098656480506,728832,108828835,134471,108963306,Fetabul
M60-1.k2_mpa_report,M60,Durusdinium,27933,0.03832570468914647,728832,108828835,134471,108963306,Fetabul
M60-1.k2_mpa_report,M60,Effrenium,16422,0.022531941517386724,728832,108828835,134471,108963306,Fetabul
M60-1.k2_mpa_report,M60,Fugacium,62032,0.08511152089919213,728832,108828835,134471,108963306,Fetabul
M7-1.k2_mpa_report,M7,Symbiodinium,64025,0.04655043296810359,1375390,101134799,123600,101258399,Falalop
M7-1.k2_mpa_report,M7,Breviolum,25793,0.018753226357614932,1375390,101134799,123600,101258399,Falalop
M7-1.k2_mpa_report,M7,Cladocopium,1116423,0.8117137684584009,1375390,101134799,123600,101258399,Falalop
M7-1.k2_mpa_report,M7,Durusdinium,36210,0.02632707813783727,1375390,101134799,123600,101258399,Falalop
M7-1.k2_mpa_report,M7,Effrenium,17777,0.012925061255353027,1375390,101134799,123600,101258399,Falalop
M7-1.k2_mpa_report,M7,Fugacium,86856,0.06315008833858032,1375390,101134799,123600,101258399,Falalop
M71-1.k2_mpa_report,M71,Symbiodinium,59648,0.04778870674536378,1248161,91902739,84258,91986997,Pigleilei
M71-1.k2_mpa_report,M71,Breviolum,22520,0.01804254419101382,1248161,91902739,84258,91986997,Pigleilei
M71-1.k2_mpa_report,M71,Cladocopium,1033382,0.8279236412610232,1248161,91902739,84258,91986997,Pigleilei
M71-1.k2_mpa_report,M71,Durusdinium,27488,0.02202279994327655,1248161,91902739,84258,91986997,Pigleilei
M71-1.k2_mpa_report,M71,Effrenium,12715,0.010186987095414775,1248161,91902739,84258,91986997,Pigleilei
M71-1.k2_mpa_report,M71,Fugacium,66853,0.05356119923631647,1248161,91902739,84258,91986997,Pigleilei
M72-1.k2_mpa_report,M72,Symbiodinium,65630,0.05327676887721016,1231869,107182224,109836,107292060,Pigleilei
M72-1.k2_mpa_report,M72,Breviolum,23495,0.019072644899741774,1231869,107182224,109836,107292060,Pigleilei
M72-1.k2_mpa_report,M72,Cladocopium,985962,0.800378936396646,1231869,107182224,109836,107292060,Pigleilei
M72-1.k2_mpa_report,M72,Durusdinium,35128,0.02851601915463414,1231869,107182224,109836,107292060,Pigleilei
M72-1.k2_mpa_report,M72,Effrenium,15326,0.012441257958435516,1231869,107182224,109836,107292060,Pigleilei
M72-1.k2_mpa_report,M72,Fugacium,80216,0.06511731361045696,1231869,107182224,109836,107292060,Pigleilei
M73-1.k2_mpa_report,M73,Symbiodinium,52288,0.056497761181128224,925488,100804759,161663,100966422,Pigleilei
M73-1.k2_mpa_report,M73,Breviolum,18792,0.020304963435506456,925488,100804759,161663,100966422,Pigleilei
M73-1.k2_mpa_report,M73,Cladocopium,727638,0.7862208910326228,925488,100804759,161663,100966422,Pigleilei
M73-1.k2_mpa_report,M73,Durusdinium,27979,0.030231618346213025,925488,100804759,161663,100966422,Pigleilei
M73-1.k2_mpa_report,M73,Effrenium,13389,0.014466962294486801,925488,100804759,161663,100966422,Pigleilei
M73-1.k2_mpa_report,M73,Fugacium,64630,0.06983342841830473,925488,100804759,161663,100966422,Pigleilei
M74-1.k2_mpa_report,M74,Symbiodinium,42431,0.051525447603874217,823496,119992270,547416,120539686,Pigleilei
M74-1.k2_mpa_report,M74,Breviolum,17927,0.02176938321497615,823496,119992270,547416,120539686,Pigleilei
M74-1.k2_mpa_report,M74,Cladocopium,634012,0.7699029503482713,823496,119992270,547416,120539686,Pigleilei
M74-1.k2_mpa_report,M74,Durusdinium,29673,0.0360329619087403,823496,119992270,547416,120539686,Pigleilei
M74-1.k2_mpa_report,M74,Effrenium,14315,0.017383205261470608,823496,119992270,547416,120539686,Pigleilei
M74-1.k2_mpa_report,M74,Fugacium,66609,0.08088563878877372,823496,119992270,547416,120539686,Pigleilei
M75-1.k2_mpa_report,M75,Symbiodinium,36349,0.05280399084221414,688376,105510211,178552,105688763,Pigleilei
M75-1.k2_mpa_report,M75,Breviolum,13610,0.01977117156902623,688376,105510211,178552,105688763,Pigleilei
M75-1.k2_mpa_report,M75,Cladocopium,534013,0.7757577254291259,688376,105510211,178552,105688763,Pigleilei
M75-1.k2_mpa_report,M75,Durusdinium,23811,0.03459010773182098,688376,105510211,178552,105688763,Pigleilei
M75-1.k2_mpa_report,M75,Effrenium,11091,0.016111834230130045,688376,105510211,178552,105688763,Pigleilei
M75-1.k2_mpa_report,M75,Fugacium,54863,0.07969917603170361,688376,105510211,178552,105688763,Pigleilei
M76-1.k2_mpa_report,M76,Symbiodinium,50956,0.04848500995276717,1050964,107978305,313615,108291920,Pigleilei
M76-1.k2_mpa_report,M76,Breviolum,18961,0.01804153139403443,1050964,107978305,313615,108291920,Pigleilei
M76-1.k2_mpa_report,M76,Cladocopium,842686,0.8018219463273718,1050964,107978305,313615,108291920,Pigleilei
M76-1.k2_mpa_report,M76,Durusdinium,30035,0.028578524097875854,1050964,107978305,313615,108291920,Pigleilei
M76-1.k2_mpa_report,M76,Effrenium,15878,0.015108034147696781,1050964,107978305,313615,108291920,Pigleilei
M76-1.k2_mpa_report,M76,Fugacium,70122,0.06672160035928919,1050964,107978305,313615,108291920,Pigleilei
M77-1.k2_mpa_report,M77,Symbiodinium,43188,0.05158704088811699,837187,81142458,63021,81205479,Pigleilei
M77-1.k2_mpa_report,M77,Breviolum,14803,0.01768183213547272,837187,81142458,63021,81205479,Pigleilei
M77-1.k2_mpa_report,M77,Cladocopium,676330,0.8078601316073948,837187,81142458,63021,81205479,Pigleilei
M77-1.k2_mpa_report,M77,Durusdinium,22815,0.027251975962359665,837187,81142458,63021,81205479,Pigleilei
M77-1.k2_mpa_report,M77,Effrenium,9784,0.011686755766632783,837187,81142458,63021,81205479,Pigleilei
M77-1.k2_mpa_report,M77,Fugacium,52993,0.06329888065629304,837187,81142458,63021,81205479,Pigleilei
M78-1.k2_mpa_report,M78,Symbiodinium,64860,0.04899435424292921,1323826,89376798,229319,89606117,Pigleilei
M78-1.k2_mpa_report,M78,Breviolum,25600,0.019337888816203942,1323826,89376798,229319,89606117,Pigleilei
M78-1.k2_mpa_report,M78,Cladocopium,1066166,0.8053671706100348,1323826,89376798,229319,89606117,Pigleilei
M78-1.k2_mpa_report,M78,Durusdinium,36362,0.027467355981828426,1323826,89376798,229319,89606117,Pigleilei
M78-1.k2_mpa_report,M78,Effrenium,17486,0.013208684525005551,1323826,89376798,229319,89606117,Pigleilei
M78-1.k2_mpa_report,M78,Fugacium,84652,0.06394495953395687,1323826,89376798,229319,89606117,Pigleilei
M79-1.k2_mpa_report,M79,Symbiodinium,46575,0.05569500066367634,836251,94276754,74156,94350910,Pigleilei
M79-1.k2_mpa_report,M79,Breviolum,15144,0.018109395384878463,836251,94276754,74156,94350910,Pigleilei
M79-1.k2_mpa_report,M79,Cladocopium,671220,0.8026537486950688,836251,94276754,74156,94350910,Pigleilei
M79-1.k2_mpa_report,M79,Durusdinium,22714,0.027161701450880177,836251,94276754,74156,94350910,Pigleilei
M79-1.k2_mpa_report,M79,Effrenium,10241,0.012246323173305622,836251,94276754,74156,94350910,Pigleilei
M79-1.k2_mpa_report,M79,Fugacium,52717,0.06303968545329094,836251,94276754,74156,94350910,Pigleilei
M8-1.k2_mpa_report,M8,Symbiodinium,85764,0.043109618787196394,1989440,104214944,685292,104900236,Falalop
M8-1.k2_mpa_report,M8,Breviolum,35623,0.017906043911854592,1989440,104214944,685292,104900236,Falalop
M8-1.k2_mpa_report,M8,Cladocopium,1639535,0.8241188475148785,1989440,104214944,685292,104900236,Falalop
M8-1.k2_mpa_report,M8,Durusdinium,48078,0.024166599646131576,1989440,104214944,685292,104900236,Falalop
M8-1.k2_mpa_report,M8,Effrenium,25511,0.012823206530480939,1989440,104214944,685292,104900236,Falalop
M8-1.k2_mpa_report,M8,Fugacium,113265,0.05693310680392472,1989440,104214944,685292,104900236,Falalop
M80-1.k2_mpa_report,M80,Symbiodinium,66898,0.05114928774972341,1307897,96093248,145914,96239162,Pigleilei
M80-1.k2_mpa_report,M80,Breviolum,23147,0.01769787682057532,1307897,96093248,145914,96239162,Pigleilei
M80-1.k2_mpa_report,M80,Cladocopium,1062276,0.8122015724479833,1307897,96093248,145914,96239162,Pigleilei
M80-1.k2_mpa_report,M80,Durusdinium,33966,0.025969934941360063,1307897,96093248,145914,96239162,Pigleilei
M80-1.k2_mpa_report,M80,Effrenium,16300,0.012462755094629012,1307897,96093248,145914,96239162,Pigleilei
M80-1.k2_mpa_report,M80,Fugacium,77812,0.059493981559709974,1307897,96093248,145914,96239162,Pigleilei
M81-1.k2_mpa_report,M81,Symbiodinium,98395,0.07183543009999066,1369728,95139668,98653,95238321,Laam
M81-1.k2_mpa_report,M81,Breviolum,23009,0.0167982256331184,1369728,95139668,98653,95238321,Laam
M81-1.k2_mpa_report,M81,Cladocopium,1095867,0.8000617640874684,1369728,95139668,98653,95238321,Laam
M81-1.k2_mpa_report,M81,Durusdinium,33204,0.024241309223437063,1369728,95139668,98653,95238321,Laam
M81-1.k2_mpa_report,M81,Effrenium,14930,0.010899974301467153,1369728,95139668,98653,95238321,Laam
M81-1.k2_mpa_report,M81,Fugacium,76715,0.05600747009625269,1369728,95139668,98653,95238321,Laam
M82-1.k2_mpa_report,M82,Symbiodinium,58327,0.05365207968842847,1087134,95677792,77625,95755417,Laam
M82-1.k2_mpa_report,M82,Breviolum,19163,0.01762708185007552,1087134,95677792,77625,95755417,Laam
M82-1.k2_mpa_report,M82,Cladocopium,885055,0.8141176708667008,1087134,95677792,77625,95755417,Laam
M82-1.k2_mpa_report,M82,Durusdinium,26636,0.024501119457215025,1087134,95677792,77625,95755417,Laam
M82-1.k2_mpa_report,M82,Effrenium,12995,0.011953448240971214,1087134,95677792,77625,95755417,Laam
M82-1.k2_mpa_report,M82,Fugacium,62798,0.057764728175183556,1087134,95677792,77625,95755417,Laam
M83-1.k2_mpa_report,M83,Symbiodinium,60972,0.05339007539338535,1142010,90476735,76279,90553014,Laam
M83-1.k2_mpa_report,M83,Breviolum,20228,0.017712629486606946,1142010,90476735,76279,90553014,Laam
M83-1.k2_mpa_report,M83,Cladocopium,926197,0.8110235462036235,1142010,90476735,76279,90553014,Laam
M83-1.k2_mpa_report,M83,Durusdinium,29814,0.026106601518375495,1142010,90476735,76279,90553014,Laam
M83-1.k2_mpa_report,M83,Effrenium,12978,0.011364173693750493,1142010,90476735,76279,90553014,Laam
M83-1.k2_mpa_report,M83,Fugacium,68039,0.05957828740553935,1142010,90476735,76279,90553014,Laam
M84-1.k2_mpa_report,M84,Symbiodinium,92828,0.05462504567877333,1699367,98109821,99331,98209152,Laam
M84-1.k2_mpa_report,M84,Breviolum,29508,0.017364112637234922,1699367,98109821,99331,98209152,Laam
M84-1.k2_mpa_report,M84,Cladocopium,1387070,0.8162274541049697,1699367,98109821,99331,98209152,Laam
M84-1.k2_mpa_report,M84,Durusdinium,40572,0.02387477219458775,1699367,98109821,99331,98209152,Laam
M84-1.k2_mpa_report,M84,Effrenium,18179,0.010697512662067699,1699367,98109821,99331,98209152,Laam
M84-1.k2_mpa_report,M84,Fugacium,96101,0.056551056952382855,1699367,98109821,99331,98209152,Laam
M85-1.k2_mpa_report,M85,Symbiodinium,80866,0.05667425444473724,1426856,98228762,122905,98351667,Laam
M85-1.k2_mpa_report,M85,Breviolum,26581,0.01862906978700023,1426856,98228762,122905,98351667,Laam
M85-1.k2_mpa_report,M85,Cladocopium,1148543,0.8049466799733119,1426856,98228762,122905,98351667,Laam
M85-1.k2_mpa_report,M85,Durusdinium,37254,0.026109151869564973,1426856,98228762,122905,98351667,Laam
M85-1.k2_mpa_report,M85,Effrenium,16779,0.011759420712391439,1426856,98228762,122905,98351667,Laam
M85-1.k2_mpa_report,M85,Fugacium,86825,0.060850569363691924,1426856,98228762,122905,98351667,Laam
M86-1.k2_mpa_report,M86,Symbiodinium,61205,0.06659499947228863,919063,92441606,85626,92527232,Laam
M86-1.k2_mpa_report,M86,Breviolum,17330,0.01885616111191507,919063,92441606,85626,92527232,Laam
M86-1.k2_mpa_report,M86,Cladocopium,703978,0.765973605726702,919063,92441606,85626,92527232,Laam
M86-1.k2_mpa_report,M86,Durusdinium,32815,0.03570484286713751,919063,92441606,85626,92527232,Laam
M86-1.k2_mpa_report,M86,Effrenium,13424,0.014606180425063352,919063,92441606,85626,92527232,Laam
M86-1.k2_mpa_report,M86,Fugacium,70536,0.07674773111310106,919063,92441606,85626,92527232,Laam
M87-1.k2_mpa_report,M87,Symbiodinium,39582,0.06359238665045074,622433,90142417,84596,90227013,Laam
M87-1.k2_mpa_report,M87,Breviolum,12297,0.01975634325300876,622433,90142417,84596,90227013,Laam
M87-1.k2_mpa_report,M87,Cladocopium,479359,0.7701375087760449,622433,90142417,84596,90227013,Laam
M87-1.k2_mpa_report,M87,Durusdinium,21720,0.03489532206679273,622433,90142417,84596,90227013,Laam
M87-1.k2_mpa_report,M87,Effrenium,9424,0.015140585412405833,622433,90142417,84596,90227013,Laam
M87-1.k2_mpa_report,M87,Fugacium,46814,0.0752113078837401,622433,90142417,84596,90227013,Laam
M88-1.k2_mpa_report,M88,Symbiodinium,48519,0.049865928597342825,972989,114561889,88131,114650020,Laam
M88-1.k2_mpa_report,M88,Breviolum,17937,0.018434946335467307,972989,114561889,88131,114650020,Laam
M88-1.k2_mpa_report,M88,Cladocopium,798664,0.8208355901248626,972989,114561889,88131,114650020,Laam
M88-1.k2_mpa_report,M88,Durusdinium,22795,0.023427808536376053,972989,114561889,88131,114650020,Laam
M88-1.k2_mpa_report,M88,Effrenium,11287,0.011600336694453895,972989,114561889,88131,114650020,Laam
M88-1.k2_mpa_report,M88,Fugacium,53993,0.05549189148078755,972989,114561889,88131,114650020,Laam
M89-1.k2_mpa_report,M89,Symbiodinium,74445,0.05233594269022704,1422445,82980872,82492,83063364,Laam
M89-1.k2_mpa_report,M89,Breviolum,24905,0.017508585569213572,1422445,82980872,82492,83063364,Laam
M89-1.k2_mpa_report,M89,Cladocopium,1155093,0.8120475659867341,1422445,82980872,82492,83063364,Laam
M89-1.k2_mpa_report,M89,Durusdinium,37655,0.02647202528041506,1422445,82980872,82492,83063364,Laam
M89-1.k2_mpa_report,M89,Effrenium,15695,0.011033818530769204,1422445,82980872,82492,83063364,Laam
M89-1.k2_mpa_report,M89,Fugacium,85827,0.06033765804653256,1422445,82980872,82492,83063364,Laam
M9-1.k2_mpa_report,M9,Symbiodinium,109325,0.042665828895683856,2562355,98657690,189091,98846781,Falalop
M9-1.k2_mpa_report,M9,Breviolum,50111,0.019556618813552376,2562355,98657690,189091,98846781,Falalop
M9-1.k2_mpa_report,M9,Cladocopium,2054154,0.8016664357592918,2562355,98657690,189091,98846781,Falalop
M9-1.k2_mpa_report,M9,Durusdinium,75677,0.029534159006070586,2562355,98657690,189091,98846781,Falalop
M9-1.k2_mpa_report,M9,Effrenium,39840,0.015548196873579188,2562355,98657690,189091,98846781,Falalop
M9-1.k2_mpa_report,M9,Fugacium,176928,0.06904898033254564,2562355,98657690,189091,98846781,Falalop
M90-1.k2_mpa_report,M90,Symbiodinium,52063,0.044391788248194286,1172807,96452259,134680,96586939,Laam
M90-1.k2_mpa_report,M90,Breviolum,21763,0.018556335356115713,1172807,96452259,134680,96586939,Laam
M90-1.k2_mpa_report,M90,Cladocopium,966656,0.8242242756054492,1172807,96452259,134680,96586939,Laam
M90-1.k2_mpa_report,M90,Durusdinium,27759,0.023668856001030008,1172807,96452259,134680,96586939,Laam
M90-1.k2_mpa_report,M90,Effrenium,13483,0.011496350209369488,1172807,96452259,134680,96586939,Laam
M90-1.k2_mpa_report,M90,Fugacium,67011,0.05713727834161972,1172807,96452259,134680,96586939,Laam
M91-1.k2_mpa_report,M91,Symbiodinium,81947,0.048280372234971114,1697315,105422680,100203,105522883,Sohng
M91-1.k2_mpa_report,M91,Breviolum,28160,0.016590909760415714,1697315,105422680,100203,105522883,Sohng
M91-1.k2_mpa_report,M91,Cladocopium,1416666,0.8346511990997546,1697315,105422680,100203,105522883,Sohng
M91-1.k2_mpa_report,M91,Durusdinium,34718,0.02045465927067162,1697315,105422680,100203,105522883,Sohng
M91-1.k2_mpa_report,M91,Effrenium,15542,0.009156815323024895,1697315,105422680,100203,105522883,Sohng
M91-1.k2_mpa_report,M91,Fugacium,85612,0.05043966500030931,1697315,105422680,100203,105522883,Sohng
M92-1.k2_mpa_report,M92,Symbiodinium,49262,0.05229161956259826,942063,86499104,128679,86627783,Sohng
M92-1.k2_mpa_report,M92,Breviolum,17728,0.01881827436169343,942063,86499104,128679,86627783,Sohng
M92-1.k2_mpa_report,M92,Cladocopium,758163,0.8047901255011608,942063,86499104,128679,86627783,Sohng
M92-1.k2_mpa_report,M92,Durusdinium,25787,0.027372903935299443,942063,86499104,128679,86627783,Sohng
M92-1.k2_mpa_report,M92,Effrenium,11085,0.011766728976724487,942063,86499104,128679,86627783,Sohng
M92-1.k2_mpa_report,M92,Fugacium,60270,0.06397661302906493,942063,86499104,128679,86627783,Sohng
M93-1.k2_mpa_report,M93,Symbiodinium,39857,0.05664861146446119,703583,91109141,67007,91176148,Sohng
M93-1.k2_mpa_report,M93,Breviolum,12695,0.01804335806862872,703583,91109141,67007,91176148,Sohng
M93-1.k2_mpa_report,M93,Cladocopium,564918,0.8029159317379755,703583,91109141,67007,91176148,Sohng
M93-1.k2_mpa_report,M93,Durusdinium,18888,0.026845446805849486,703583,91109141,67007,91176148,Sohng
M93-1.k2_mpa_report,M93,Effrenium,8549,0.012150663105845366,703583,91109141,67007,91176148,Sohng
M93-1.k2_mpa_report,M93,Fugacium,43977,0.06250435272029028,703583,91109141,67007,91176148,Sohng
M94-1.k2_mpa_report,M94,Symbiodinium,85822,0.045231631468296694,1897389,105654060,104643,105758703,Sohng
M94-1.k2_mpa_report,M94,Breviolum,33180,0.01748718897390045,1897389,105654060,104643,105758703,Sohng
M94-1.k2_mpa_report,M94,Cladocopium,1561398,0.8229192853969323,1897389,105654060,104643,105758703,Sohng
M94-1.k2_mpa_report,M94,Durusdinium,45636,0.02405199987983487,1897389,105654060,104643,105758703,Sohng
M94-1.k2_mpa_report,M94,Effrenium,23223,0.012239451161569926,1897389,105654060,104643,105758703,Sohng
M94-1.k2_mpa_report,M94,Fugacium,108698,0.05728819973131498,1897389,105654060,104643,105758703,Sohng
M95-1.k2_mpa_report,M95,Symbiodinium,73747,0.04220345927930155,1747416,87744885,100270,87845155,Sohng
M95-1.k2_mpa_report,M95,Breviolum,30840,0.017648917029488113,1747416,87744885,100270,87845155,Sohng
M95-1.k2_mpa_report,M95,Cladocopium,1431051,0.8189526706863163,1747416,87744885,100270,87845155,Sohng
M95-1.k2_mpa_report,M95,Durusdinium,45855,0.026241604746665936,1747416,87744885,100270,87845155,Sohng
M95-1.k2_mpa_report,M95,Effrenium,23014,0.013170304037504521,1747416,87744885,100270,87845155,Sohng
M95-1.k2_mpa_report,M95,Fugacium,106477,0.06093397336409876,1747416,87744885,100270,87845155,Sohng
M96-1.k2_mpa_report,M96,Symbiodinium,81215,0.044588543519604354,1821432,102741859,129970,102871829,Sohng
M96-1.k2_mpa_report,M96,Breviolum,34000,0.018666631529477905,1821432,102741859,129970,102871829,Sohng
M96-1.k2_mpa_report,M96,Cladocopium,1485737,0.8156972096679975,1821432,102741859,129970,102871829,Sohng
M96-1.k2_mpa_report,M96,Durusdinium,45780,0.025134070335867603,1821432,102741859,129970,102871829,Sohng
M96-1.k2_mpa_report,M96,Effrenium,23729,0.013027661751852389,1821432,102741859,129970,102871829,Sohng
M96-1.k2_mpa_report,M96,Fugacium,111545,0.06124027688104744,1821432,102741859,129970,102871829,Sohng
M97-1.k2_mpa_report,M97,Symbiodinium,40916,0.04706245010915599,869398,88617271,82704,88699975,Sohng
M97-1.k2_mpa_report,M97,Breviolum,17122,0.01969408717296336,869398,88617271,82704,88699975,Sohng
M97-1.k2_mpa_report,M97,Cladocopium,687222,0.7904573049397399,869398,88617271,82704,88699975,Sohng
M97-1.k2_mpa_report,M97,Durusdinium,27659,0.031813967826012944,869398,88617271,82704,88699975,Sohng
M97-1.k2_mpa_report,M97,Effrenium,14975,0.017224562283327083,869398,88617271,82704,88699975,Sohng
M97-1.k2_mpa_report,M97,Fugacium,62919,0.07237076689847458,869398,88617271,82704,88699975,Sohng
M98-1.k2_mpa_report,M98,Symbiodinium,62063,0.04507274037148717,1376952,101311521,120501,101432022,Sohng
M98-1.k2_mpa_report,M98,Breviolum,27789,0.020181531382357554,1376952,101311521,120501,101432022,Sohng
M98-1.k2_mpa_report,M98,Cladocopium,1082759,0.7863447672831007,1376952,101311521,120501,101432022,Sohng
M98-1.k2_mpa_report,M98,Durusdinium,45778,0.033245893829269284,1376952,101311521,120501,101432022,Sohng
M98-1.k2_mpa_report,M98,Effrenium,24229,0.01759611083029764,1376952,101311521,120501,101432022,Sohng
M98-1.k2_mpa_report,M98,Fugacium,104300,0.07574701224153058,1376952,101311521,120501,101432022,Sohng
M99-1.k2_mpa_report,M99,Symbiodinium,63695,0.045238343819935835,1407987,101002224,88889,101091113,Sohng
M99-1.k2_mpa_report,M99,Breviolum,25411,0.018047751861345312,1407987,101002224,88889,101091113,Sohng
M99-1.k2_mpa_report,M99,Cladocopium,1138879,0.8088703943999483,1407987,101002224,88889,101091113,Sohng
M99-1.k2_mpa_report,M99,Durusdinium,39463,0.028027957644495297,1407987,101002224,88889,101091113,Sohng
M99-1.k2_mpa_report,M99,Effrenium,20067,0.014252262272307912,1407987,101002224,88889,101091113,Sohng
M99-1.k2_mpa_report,M99,Fugacium,91438,0.06494236097350331,1407987,101002224,88889,101091113,Sohng
